,Rewards,Epsilon over episodes,Timesteps per episode,Average score over 100 episodes
0,18.0,1.0,18,18.0
1,28.0,1.0,28,23.0
2,17.0,1.0,17,21.0
3,69.0,1.0,69,33.0
4,28.0,1.0,28,32.0
5,26.0,1.0,26,31.0
6,28.0,1.0,28,30.571428571428573
7,11.0,1.0,11,28.125
8,14.0,1.0,14,26.555555555555557
9,21.0,1.0,21,26.0
10,28.0,1.0,28,26.181818181818183
11,10.0,1.0,10,24.833333333333332
12,13.0,1.0,13,23.923076923076923
13,12.0,1.0,12,23.071428571428573
14,13.0,1.0,13,22.4
15,11.0,1.0,11,21.6875
16,11.0,1.0,11,21.058823529411764
17,20.0,1.0,20,21.0
18,20.0,1.0,20,20.94736842105263
19,19.0,1.0,19,20.85
20,18.0,1.0,18,20.714285714285715
21,16.0,1.0,16,20.5
22,31.0,1.0,31,20.956521739130434
23,19.0,1.0,19,20.875
24,40.0,1.0,40,21.64
25,30.0,1.0,30,21.96153846153846
26,24.0,1.0,24,22.037037037037038
27,15.0,1.0,15,21.785714285714285
28,26.0,1.0,26,21.93103448275862
29,30.0,1.0,30,22.2
30,18.0,1.0,18,22.06451612903226
31,38.0,1.0,38,22.5625
32,14.0,1.0,14,22.303030303030305
33,46.0,1.0,46,23.0
34,27.0,1.0,27,23.114285714285714
35,22.0,1.0,22,23.083333333333332
36,23.0,1.0,23,23.08108108108108
37,20.0,1.0,20,23.0
38,15.0,1.0,15,22.794871794871796
39,16.0,1.0,16,22.625
40,13.0,1.0,13,22.390243902439025
41,30.0,1.0,30,22.571428571428573
42,8.0,1.0,8,22.232558139534884
43,12.0,1.0,12,22.0
44,17.0,1.0,17,21.88888888888889
45,37.0,0.99,37,22.217391304347824
46,14.0,0.9801,14,22.04255319148936
47,20.0,0.9702989999999999,20,22.0
48,25.0,0.96059601,25,22.06122448979592
49,45.0,0.9509900498999999,45,22.52
50,16.0,0.9414801494009999,16,22.392156862745097
51,12.0,0.9320653479069899,12,22.192307692307693
52,11.0,0.92274469442792,11,21.9811320754717
53,17.0,0.9135172474836407,17,21.88888888888889
54,17.0,0.9043820750088043,17,21.8
55,12.0,0.8953382542587163,12,21.625
56,18.0,0.8863848717161291,18,21.56140350877193
57,12.0,0.8775210229989678,12,21.396551724137932
58,15.0,0.8687458127689781,15,21.28813559322034
59,40.0,0.8600583546412883,40,21.6
60,15.0,0.8514577710948754,15,21.491803278688526
61,21.0,0.8429431933839266,21,21.483870967741936
62,14.0,0.8345137614500874,14,21.365079365079364
63,13.0,0.8261686238355865,13,21.234375
64,12.0,0.8179069375972307,12,21.092307692307692
65,19.0,0.8097278682212583,19,21.060606060606062
66,13.0,0.8016305895390458,13,20.940298507462686
67,17.0,0.7936142836436553,17,20.88235294117647
68,9.0,0.7856781408072188,9,20.71014492753623
69,12.0,0.7778213593991465,12,20.585714285714285
70,13.0,0.7700431458051551,13,20.47887323943662
71,11.0,0.7623427143471035,11,20.34722222222222
72,12.0,0.7547192872036325,12,20.232876712328768
73,12.0,0.7471720943315961,12,20.12162162162162
74,10.0,0.7397003733882802,10,19.986666666666668
75,13.0,0.7323033696543974,13,19.894736842105264
76,17.0,0.7249803359578534,17,19.857142857142858
77,15.0,0.7177305325982748,15,19.794871794871796
78,11.0,0.7105532272722921,11,19.68354430379747
79,17.0,0.7034476949995692,17,19.65
80,17.0,0.6964132180495735,17,19.617283950617285
81,10.0,0.6894490858690777,10,19.5
82,10.0,0.682554595010387,10,19.3855421686747
83,19.0,0.6757290490602831,19,19.38095238095238
84,22.0,0.6689717585696803,22,19.41176470588235
85,14.0,0.6622820409839835,14,19.348837209302324
86,13.0,0.6556592205741436,13,19.275862068965516
87,18.0,0.6491026283684022,18,19.261363636363637
88,10.0,0.6426116020847181,10,19.15730337078652
89,14.0,0.6361854860638709,14,19.1
90,14.0,0.6298236312032323,14,19.043956043956044
91,11.0,0.6235253948912,11,18.956521739130434
92,8.0,0.617290140942288,8,18.838709677419356
93,12.0,0.6111172395328651,12,18.76595744680851
94,12.0,0.6050060671375365,12,18.694736842105264
95,9.0,0.5989560064661611,9,18.59375
96,9.0,0.5929664464014994,9,18.49484536082474
97,18.0,0.5870367819374844,18,18.489795918367346
98,11.0,0.5811664141181095,11,18.414141414141415
99,10.0,0.5753547499769285,10,18.33
100,11.0,0.5696012024771592,11,18.26
101,14.0,0.5639051904523876,14,18.12
102,12.0,0.5582661385478638,12,18.07
103,16.0,0.5526834771623851,16,17.54
104,11.0,0.5471566423907612,11,17.37
105,15.0,0.5416850759668536,15,17.26
106,11.0,0.536268225207185,11,17.09
107,18.0,0.5309055429551132,18,17.16
108,12.0,0.525596487525562,12,17.14
109,17.0,0.5203405226503064,17,17.1
110,10.0,0.5151371174238033,10,16.92
111,10.0,0.5099857462495653,10,16.92
112,10.0,0.5048858887870696,10,16.89
113,13.0,0.4998370298991989,13,16.9
114,14.0,0.49483865960020695,14,16.91
115,10.0,0.4898902730042049,10,16.9
116,14.0,0.48499137027416284,14,16.93
117,12.0,0.4801414565714212,12,16.85
118,14.0,0.475340042005707,14,16.79
119,16.0,0.47058664158564995,16,16.76
120,16.0,0.4658807751697934,16,16.74
121,11.0,0.4612219674180955,11,16.69
122,8.0,0.45660974774391455,8,16.46
123,10.0,0.4520436502664754,10,16.37
124,9.0,0.44752321376381066,9,16.06
125,15.0,0.44304798162617254,15,15.91
126,10.0,0.4386175018099108,10,15.77
127,13.0,0.4342313267918117,13,15.75
128,11.0,0.4298890135238936,11,15.6
129,13.0,0.42559012338865465,13,15.43
130,9.0,0.4213342221547681,9,15.34
131,10.0,0.41712087993322045,10,15.06
132,14.0,0.41294967113388825,14,15.06
133,9.0,0.40882017442254937,9,14.69
134,10.0,0.4047319726783239,10,14.52
135,9.0,0.40068465295154065,9,14.39
136,10.0,0.39667780642202527,10,14.26
137,13.0,0.392711028357805,13,14.19
138,10.0,0.38878391807422696,10,14.14
139,16.0,0.3848960788934847,16,14.14
140,12.0,0.38104711810454983,12,14.13
141,11.0,0.37723664692350434,11,13.94
142,14.0,0.37346428045426927,14,14.0
143,9.0,0.36972963764972655,9,13.97
144,11.0,0.36603234127322926,11,13.91
145,10.0,0.36237201786049694,10,13.64
146,13.0,0.358748297681892,13,13.63
147,10.0,0.35516081470507305,10,13.53
148,10.0,0.3516092065580223,10,13.38
149,11.0,0.34809311449244207,11,13.04
150,9.0,0.34461218334751764,9,12.97
151,11.0,0.34116606151404244,11,12.96
152,10.0,0.337754400898902,10,12.95
153,13.0,0.334376856889913,13,12.91
154,11.0,0.33103308832101386,11,12.85
155,12.0,0.3277227574378037,12,12.85
156,11.0,0.3244455298634257,11,12.78
157,11.0,0.3212010745647914,11,12.77
158,10.0,0.3179890638191435,10,12.72
159,8.0,0.31480917318095203,8,12.4
160,9.0,0.3116610814491425,9,12.34
161,9.0,0.30854447063465107,9,12.22
162,13.0,0.30545902592830454,13,12.21
163,13.0,0.3024044356690215,13,12.21
164,13.0,0.29938039131233124,13,12.22
165,11.0,0.2963865873992079,11,12.14
166,10.0,0.29342272152521587,10,12.11
167,10.0,0.2904884943099637,10,12.04
168,12.0,0.28758360936686406,12,12.07
169,16.0,0.2847077732731954,16,12.11
170,13.0,0.28186069554046345,13,12.11
171,10.0,0.2790420885850588,10,12.1
172,10.0,0.2762516676992082,10,12.08
173,11.0,0.27348915102221616,11,12.07
174,11.0,0.270754259511994,11,12.08
175,12.0,0.26804671691687404,12,12.07
176,11.0,0.2653662497477053,11,12.01
177,9.0,0.2627125872502282,9,11.95
178,9.0,0.2600854613777259,9,11.93
179,9.0,0.2574846067639487,9,11.85
180,9.0,0.2549097606963092,9,11.77
181,9.0,0.2523606630893461,9,11.76
182,9.0,0.24983705645845267,9,11.75
183,10.0,0.24733868589386815,10,11.66
184,11.0,0.24486529903492946,11,11.55
185,10.0,0.24241664604458016,10,11.51
186,13.0,0.23999247958413436,13,11.51
187,9.0,0.23759255478829303,9,11.42
188,13.0,0.2352166292404101,13,11.45
189,8.0,0.232864462948006,8,11.39
190,10.0,0.23053581831852593,10,11.35
191,11.0,0.22823046013534068,11,11.35
192,11.0,0.22594815553398728,11,11.38
193,10.0,0.22368867397864742,10,11.36
194,12.0,0.22145178723886094,12,11.36
195,9.0,0.21923726936647234,9,11.36
196,13.0,0.2170448966728076,13,11.4
197,10.0,0.21487444770607952,10,11.32
198,11.0,0.21272570322901874,11,11.32
199,10.0,0.21059844619672854,10,11.32
200,11.0,0.20849246173476127,11,11.32
201,11.0,0.20640753711741366,11,11.29
202,10.0,0.20434346174623952,10,11.27
203,11.0,0.20230002712877712,11,11.22
204,9.0,0.20027702685748935,9,11.2
205,10.0,0.19827425658891445,10,11.15
206,9.0,0.1962915140230253,9,11.13
207,12.0,0.19432859888279505,12,11.07
208,11.0,0.1923853128939671,11,11.06
209,11.0,0.19046145976502743,11,11.0
210,10.0,0.18855684516737714,10,11.0
211,10.0,0.18667127671570335,10,11.0
212,9.0,0.18480456394854633,9,10.99
213,10.0,0.18295651830906087,10,10.96
214,9.0,0.18112695312597027,9,10.91
215,11.0,0.17931568359471056,11,10.92
216,9.0,0.17752252675876345,9,10.87
217,9.0,0.17574730149117582,9,10.84
218,10.0,0.17398982847626407,10,10.8
219,10.0,0.17224993019150142,10,10.74
220,9.0,0.1705274308895864,9,10.67
221,15.0,0.16882215658069055,15,10.71
222,13.0,0.16713393501488363,13,10.76
223,10.0,0.16546259566473479,10,10.76
224,10.0,0.16380796970808745,10,10.77
225,9.0,0.16216989001100657,9,10.71
226,12.0,0.1605481911108965,12,10.73
227,14.0,0.15894270919978754,14,10.74
228,9.0,0.15735328210778965,9,10.72
229,10.0,0.15577974928671176,10,10.69
230,8.0,0.15422195179384465,8,10.68
231,10.0,0.1526797322759062,10,10.68
232,8.0,0.15115293495314713,8,10.62
233,12.0,0.14964140560361566,12,10.65
234,9.0,0.1481449915475795,9,10.64
235,9.0,0.1466635416321037,9,10.64
236,11.0,0.14519690621578268,11,10.65
237,12.0,0.14374493715362485,12,10.64
238,10.0,0.1423074877820886,10,10.64
239,9.0,0.1408844129042677,9,10.57
240,10.0,0.13947556877522502,10,10.55
241,8.0,0.13808081308747278,8,10.52
242,9.0,0.13670000495659804,9,10.47
243,10.0,0.13533300490703207,10,10.48
244,10.0,0.13397967485796175,10,10.47
245,10.0,0.13263987810938213,10,10.47
246,10.0,0.1313134793282883,10,10.44
247,10.0,0.13000034453500542,10,10.44
248,10.0,0.12870034108965536,10,10.44
249,9.0,0.12741333767875881,9,10.42
250,9.0,0.12613920430197123,9,10.42
251,9.0,0.12487781225895152,9,10.4
252,10.0,0.123629034136362,10,10.4
253,10.0,0.12239274379499838,10,10.37
254,9.0,0.1211688163570484,9,10.35
255,10.0,0.11995712819347792,10,10.33
256,10.0,0.11875755691154315,10,10.32
257,9.0,0.11756998134242772,9,10.3
258,10.0,0.11639428152900344,10,10.3
259,11.0,0.11523033871371341,11,10.33
260,9.0,0.11407803532657627,9,10.33
261,9.0,0.11293725497331052,9,10.33
262,10.0,0.1118078824235774,10,10.3
263,11.0,0.11068980359934164,11,10.28
264,11.0,0.10958290556334822,11,10.26
265,8.0,0.10848707650771475,8,10.23
266,11.0,0.1074022057426376,11,10.24
267,10.0,0.10632818368521123,10,10.24
268,9.0,0.10526490184835911,9,10.21
269,10.0,0.10421225282987552,10,10.15
270,10.0,0.10317013030157676,10,10.12
271,9.0,0.10213842899856099,9,10.11
272,10.0,0.10111704470857538,10,10.11
273,11.0,0.10010587426148963,11,10.11
274,9.0,0.09910481551887473,9,10.09
275,9.0,0.09811376736368599,9,10.06
276,10.0,0.09713262969004913,10,10.05
277,9.0,0.09616130339314863,9,10.05
278,10.0,0.09519969035921715,10,10.06
279,8.0,0.09424769345562498,8,10.05
280,10.0,0.09330521652106873,10,10.06
281,10.0,0.09237216435585804,10,10.07
282,10.0,0.09144844271229946,10,10.08
283,10.0,0.09053395828517646,10,10.08
284,9.0,0.08962861870232469,9,10.06
285,9.0,0.08873233251530144,9,10.05
286,9.0,0.08784500919014843,9,10.01
287,10.0,0.08696655909824694,10,10.02
288,11.0,0.08609689350726446,11,10.0
289,9.0,0.08523592457219181,9,10.01
290,12.0,0.0843835653264699,12,10.03
291,9.0,0.0835397296732052,9,10.01
292,13.0,0.08270433237647315,13,10.03
293,10.0,0.08187728905270841,10,10.03
294,11.0,0.08105851616218133,11,10.02
295,12.0,0.08024793100055952,12,10.05
296,10.0,0.07944545169055392,10,10.02
297,9.0,0.07865099717364837,9,10.01
298,8.0,0.07786448720191189,8,9.98
299,9.0,0.07708584232989277,9,9.97
300,10.0,0.07631498390659384,10,9.96
301,10.0,0.07555183406752791,10,9.95
302,8.0,0.07479631572685264,8,9.93
303,9.0,0.07404835256958411,9,9.91
304,10.0,0.07330786904388827,10,9.92
305,12.0,0.07257479035344938,12,9.94
306,10.0,0.07184904244991488,10,9.95
307,9.0,0.07113055202541574,9,9.92
308,9.0,0.07041924650516158,9,9.9
309,10.0,0.06971505404010997,10,9.89
310,10.0,0.06901790349970886,10,9.89
311,8.0,0.06832772446471178,8,9.87
312,9.0,0.06764444722006466,9,9.87
313,10.0,0.066968002747864,10,9.87
314,10.0,0.06629832272038537,10,9.88
315,10.0,0.06563533949318151,10,9.87
316,9.0,0.06497898609824969,9,9.87
317,11.0,0.0643291962372672,11,9.89
318,12.0,0.06368590427489453,12,9.91
319,9.0,0.06304904523214558,9,9.9
320,10.0,0.06241855477982412,10,9.91
321,10.0,0.06179436923202588,10,9.86
322,8.0,0.06117642553970562,8,9.81
323,9.0,0.06056466128430856,9,9.8
324,10.0,0.05995901467146548,10,9.8
325,9.0,0.05935942452475082,9,9.8
326,9.0,0.058765830279503314,9,9.77
327,9.0,0.05817817197670828,9,9.72
328,11.0,0.057596390256941195,11,9.74
329,9.0,0.05702042635437178,9,9.73
330,10.0,0.05645022209082806,10,9.75
331,9.0,0.05588571986991978,9,9.74
332,10.0,0.055326862671220584,10,9.76
333,10.0,0.05477359404450838,10,9.74
334,10.0,0.054225858104063294,10,9.75
335,10.0,0.05368359952302266,10,9.76
336,9.0,0.053146763527792434,9,9.74
337,9.0,0.052615295892514506,9,9.71
338,8.0,0.052089142933589364,8,9.69
339,11.0,0.05156825150425347,11,9.71
340,9.0,0.051052568989210935,9,9.7
341,9.0,0.05054204329931883,9,9.71
342,9.0,0.05003662286632564,9,9.71
343,9.0,0.04953625663766238,9,9.7
344,10.0,0.04904089407128576,10,9.7
345,10.0,0.0485504851305729,10,9.7
346,10.0,0.048064980279267165,10,9.7
347,11.0,0.04758433047647449,11,9.71
348,9.0,0.04710848717170975,9,9.7
349,10.0,0.04663740229999265,10,9.71
350,11.0,0.04617102827699272,11,9.73
351,9.0,0.045709317994222794,9,9.73
352,9.0,0.04525222481428057,9,9.72
353,9.0,0.04479970256613776,9,9.71
354,11.0,0.04435170554047638,11,9.73
355,9.0,0.043908188485071616,9,9.72
356,10.0,0.0434691066002209,10,9.72
357,9.0,0.04303441553421869,9,9.72
358,10.0,0.0426040713788765,10,9.72
359,10.0,0.04217803066508773,10,9.71
360,9.0,0.04175625035843686,9,9.71
361,12.0,0.041338687854852486,12,9.74
362,9.0,0.04092530097630396,9,9.73
363,9.0,0.040516047966540916,9,9.71
364,10.0,0.04011088748687551,10,9.7
365,10.0,0.03970977861200675,10,9.72
366,11.0,0.03931268082588668,11,9.72
367,10.0,0.03891955401762781,10,9.72
368,10.0,0.03853035847745153,10,9.73
369,10.0,0.03814505489267701,10,9.73
370,10.0,0.03776360434375024,10,9.73
371,11.0,0.03738596830031274,11,9.75
372,8.0,0.03701210861730961,8,9.73
373,9.0,0.03664198753113651,9,9.71
374,9.0,0.036275567655825146,9,9.71
375,10.0,0.03591281197926689,10,9.72
376,8.0,0.035553683859474224,8,9.7
377,10.0,0.03519814702087948,10,9.71
378,9.0,0.03484616555067068,9,9.7
379,10.0,0.034497703895163975,10,9.72
380,9.0,0.03415272685621234,9,9.71
381,9.0,0.03381119958765021,9,9.7
382,10.0,0.03347308759177371,10,9.7
383,9.0,0.03313835671585597,9,9.69
384,9.0,0.03280697314869741,9,9.69
385,10.0,0.032478903417210436,10,9.7
386,9.0,0.032154114383038335,9,9.7
387,9.0,0.03183257323920795,9,9.69
388,9.0,0.03151424750681587,9,9.67
389,9.0,0.03119910503174771,9,9.67
390,9.0,0.030887113981430233,9,9.64
391,10.0,0.03057824284161593,10,9.65
392,9.0,0.03027246041319977,9,9.61
393,10.0,0.029969735809067772,10,9.61
394,10.0,0.029670038450977095,10,9.6
395,10.0,0.029373338066467324,10,9.58
396,11.0,0.02907960468580265,11,9.59
397,10.0,0.028788808638944622,10,9.6
398,10.0,0.028500920552555174,10,9.62
399,10.0,0.028215911347029624,10,9.63
400,10.0,0.027933752233559327,10,9.63
401,9.0,0.027654414711223735,9,9.62
402,10.0,0.027377870564111496,10,9.64
403,10.0,0.027104091858470382,10,9.65
404,10.0,0.026833050939885677,10,9.65
405,9.0,0.02656472043048682,9,9.62
406,10.0,0.02629907322618195,10,9.62
407,10.0,0.026036082493920133,10,9.63
408,10.0,0.02577572166898093,10,9.64
409,10.0,0.025517964452291122,10,9.64
410,10.0,0.02526278480776821,10,9.64
411,9.0,0.025010156959690527,9,9.65
412,9.0,0.02476005539009362,9,9.65
413,8.0,0.024512454836192684,8,9.63
414,9.0,0.024267330287830756,9,9.62
415,10.0,0.024024656984952448,10,9.62
416,9.0,0.023784410415102923,9,9.62
417,9.0,0.023546566310951894,9,9.6
418,10.0,0.023311100647842375,10,9.58
419,9.0,0.02307798964136395,9,9.58
420,10.0,0.022847209744950314,10,9.58
421,8.0,0.02261873764750081,8,9.56
422,10.0,0.022392550271025803,10,9.58
423,10.0,0.022168624768315544,10,9.59
424,9.0,0.02194693852063239,9,9.58
425,10.0,0.021727469135426065,10,9.59
426,10.0,0.021510194444071803,10,9.6
427,11.0,0.021295092499631085,11,9.62
428,10.0,0.021082141574634772,10,9.61
429,10.0,0.020871320158888425,10,9.62
430,10.0,0.020662606957299542,10,9.62
431,10.0,0.020455980887726547,10,9.63
432,10.0,0.02025142107884928,10,9.63
433,9.0,0.020048906868060788,9,9.62
434,12.0,0.01984841779938018,12,9.64
435,12.0,0.019649933621386378,12,9.66
436,10.0,0.019453434285172513,10,9.67
437,10.0,0.019258899942320787,10,9.68
438,9.0,0.01906631094289758,9,9.69
439,10.0,0.018875647833468602,10,9.68
440,11.0,0.018686891355133916,11,9.7
441,9.0,0.018500022441582577,9,9.7
442,9.0,0.01831502221716675,9,9.7
443,11.0,0.018131871994995084,11,9.72
444,10.0,0.017950553275045134,10,9.72
445,10.0,0.017771047742294682,10,9.72
446,10.0,0.017593337264871736,10,9.72
447,10.0,0.01741740389222302,10,9.71
448,9.0,0.01724322985330079,9,9.71
449,11.0,0.017070797554767782,11,9.72
450,10.0,0.016900089579220106,10,9.71
451,9.0,0.016731088683427906,9,9.71
452,10.0,0.016563777796593626,10,9.72
453,11.0,0.016398140018627688,11,9.74
454,10.0,0.01623415861844141,10,9.73
455,9.0,0.016071817032256998,9,9.73
456,10.0,0.01591109886193443,10,9.73
457,8.0,0.015751987873315085,8,9.72
458,11.0,0.015594467994581935,11,9.73
459,10.0,0.015438523314636115,10,9.73
460,10.0,0.015284138081489753,10,9.74
461,9.0,0.015131296700674856,9,9.71
462,11.0,0.014979983733668108,11,9.73
463,10.0,0.014830183896331426,10,9.74
464,10.0,0.014681882057368112,10,9.74
465,10.0,0.01453506323679443,10,9.74
466,10.0,0.014389712604426485,10,9.73
467,10.0,0.01424581547838222,10,9.73
468,10.0,0.014103357323598397,10,9.73
469,10.0,0.013962323750362413,10,9.73
470,8.0,0.013822700512858789,8,9.71
471,10.0,0.0136844735077302,10,9.7
472,11.0,0.013547628772652899,11,9.73
473,11.0,0.01341215248492637,11,9.75
474,9.0,0.013278030960077106,9,9.75
475,11.0,0.013145250650476335,11,9.76
476,11.0,0.01301379814397157,11,9.79
477,10.0,0.012883660162531854,10,9.79
478,11.0,0.012754823560906535,11,9.81
479,11.0,0.01262727532529747,11,9.82
480,12.0,0.012501002572044496,12,9.85
481,9.0,0.01237599254632405,9,9.85
482,9.0,0.01225223262086081,9,9.84
483,9.0,0.012129710294652202,9,9.84
484,11.0,0.01200841319170568,11,9.86
485,10.0,0.011888329059788623,10,9.86
486,10.0,0.011769445769190737,10,9.87
487,13.0,0.01165175131149883,13,9.91
488,11.0,0.011535233798383842,11,9.93
489,10.0,0.011419881460400004,10,9.94
490,10.0,0.011305682645796004,10,9.95
491,10.0,0.011192625819338045,10,9.95
492,10.0,0.011080699561144665,10,9.96
493,9.0,0.010969892565533218,9,9.95
494,10.0,0.010860193639877886,10,9.95
495,10.0,0.010751591703479106,10,9.95
496,9.0,0.010644075786444315,9,9.93
497,10.0,0.010537635028579873,10,9.93
498,9.0,0.010432258678294073,9,9.92
499,10.0,0.010327936091511133,10,9.92
500,10.0,0.010224656730596022,10,9.92
501,11.0,0.01012241016329006,11,9.94
502,11.0,0.01002118606165716,11,9.95
503,10.0,0.009920974201040588,10,9.95
504,10.0,0.009821764459030182,10,9.95
505,11.0,0.00972354681443988,11,9.97
506,12.0,0.00962631134629548,12,9.99
507,10.0,0.009530048232832525,10,9.99
508,9.0,0.009434747750504199,9,9.98
509,26.0,0.009340400272999157,26,10.14
510,11.0,0.009246996270269165,11,10.15
511,9.0,0.009154526307566474,9,10.15
512,11.0,0.009062981044490808,11,10.17
513,9.0,0.0089723512340459,9,10.18
514,11.0,0.00888262772170544,11,10.2
515,12.0,0.008793801444488386,12,10.22
516,9.0,0.008705863430043502,9,10.22
517,11.0,0.008618804795743068,11,10.24
518,9.0,0.008532616747785637,9,10.23
519,11.0,0.00844729058030778,11,10.25
520,11.0,0.008362817674504702,11,10.26
521,11.0,0.008279189497759654,11,10.29
522,10.0,0.008196397602782058,10,10.29
523,10.0,0.008114433626754238,10,10.29
524,10.0,0.008033289290486696,10,10.3
525,9.0,0.00795295639758183,9,10.29
526,11.0,0.00787342683360601,11,10.3
527,11.0,0.0077946925652699495,11,10.3
528,10.0,0.00771674563961725,10,10.3
529,10.0,0.007639578183221077,10,10.3
530,13.0,0.0075631824013888665,13,10.33
531,10.0,0.007487550577374978,10,10.33
532,13.0,0.007412675071601228,13,10.36
533,11.0,0.007338548320885215,11,10.38
534,12.0,0.0072651628376763635,12,10.38
535,9.0,0.0071925112092996,9,10.35
536,10.0,0.007120586097206604,10,10.35
537,23.0,0.007049380236234538,23,10.48
538,11.0,0.006978886433872193,11,10.5
539,11.0,0.006909097569533471,11,10.51
540,10.0,0.006840006593838137,10,10.5
541,12.0,0.0067716065278997555,12,10.53
542,11.0,0.006703890462620758,11,10.55
543,10.0,0.006636851557994551,10,10.54
544,9.0,0.006570483042414605,9,10.53
545,10.0,0.006504778211990459,10,10.53
546,28.0,0.006439730429870554,28,10.71
547,11.0,0.0063753331255718484,11,10.72
548,11.0,0.00631157979431613,11,10.74
549,25.0,0.006248463996372969,25,10.88
550,26.0,0.006185979356409239,26,11.04
551,12.0,0.006124119562845147,12,11.07
552,28.0,0.006062878367216695,28,11.25
553,10.0,0.006002249583544528,10,11.24
554,24.0,0.005942227087709083,24,11.38
555,11.0,0.005882804816831992,11,11.4
556,9.0,0.005823976768663672,9,11.39
557,11.0,0.005765737000977035,11,11.42
558,21.0,0.005708079630967265,21,11.52
559,12.0,0.005650998834657592,12,11.54
560,11.0,0.005594488846311016,11,11.55
561,25.0,0.005538543957847906,25,11.71
562,28.0,0.005483158518269427,28,11.88
563,9.0,0.005428326933086733,9,11.87
564,27.0,0.005374043663755866,27,12.04
565,10.0,0.005320303227118307,10,12.04
566,11.0,0.005267100194847124,11,12.05
567,9.0,0.005214429192898652,9,12.04
568,22.0,0.005162284900969666,22,12.16
569,13.0,0.005110662051959969,13,12.19
570,12.0,0.005059555431440369,12,12.23
571,11.0,0.005008959877125965,11,12.24
572,26.0,0.004958870278354705,26,12.39
573,11.0,0.004909281575571158,11,12.39
574,10.0,0.004860188759815446,10,12.4
575,10.0,0.004811586872217292,10,12.39
576,25.0,0.004763471003495119,25,12.53
577,10.0,0.004715836293460168,10,12.53
578,10.0,0.004668677930525566,10,12.52
579,12.0,0.00462199115122031,12,12.53
580,11.0,0.004575771239708107,11,12.52
581,28.0,0.004530013527311026,28,12.71
582,10.0,0.004484713392037916,10,12.72
583,10.0,0.004439866258117537,10,12.73
584,11.0,0.004395467595536362,11,12.73
585,10.0,0.004351512919580998,10,12.73
586,24.0,0.004307997790385188,24,12.87
587,27.0,0.004264917812481336,27,13.01
588,10.0,0.0042222686343565225,10,13.0
589,10.0,0.0041800459480129575,10,13.0
590,23.0,0.0041382454885328275,23,13.13
591,12.0,0.004096863033647499,12,13.15
592,10.0,0.0040558944033110235,10,13.15
593,24.0,0.0040153354592779135,24,13.3
594,26.0,0.0039751821046851345,26,13.46
595,13.0,0.003935430283638283,13,13.49
596,28.0,0.0038960759808019003,28,13.68
597,11.0,0.003857115220993881,11,13.69
598,27.0,0.003818544068783942,27,13.87
599,11.0,0.0037803586280961026,11,13.88
600,25.0,0.0037425550418151415,25,14.03
601,23.0,0.00370512949139699,23,14.15
602,27.0,0.0036680781964830204,27,14.31
603,61.0,0.00363139741451819,61,14.82
604,30.0,0.003595083440373008,30,15.02
605,37.0,0.003559132605969278,37,15.28
606,27.0,0.003523541279909585,27,15.43
607,31.0,0.003488305867110489,31,15.64
608,26.0,0.0034534228084393843,26,15.81
609,14.0,0.0034188885803549903,14,15.69
610,27.0,0.0033846996945514404,27,15.85
611,28.0,0.003350852697605926,28,16.04
612,29.0,0.0033173441706298664,29,16.22
613,31.0,0.0032841707289235677,31,16.44
614,28.0,0.0032513290216343318,28,16.61
615,31.0,0.0032188157314179885,31,16.8
616,30.0,0.003186627574103809,30,17.01
617,62.0,0.0031547612983627705,62,17.52
618,30.0,0.003123213685379143,30,17.73
619,31.0,0.0030919815485253516,31,17.93
620,32.0,0.003061061733040098,32,18.14
621,31.0,0.003030451115709697,31,18.34
622,30.0,0.0030001466045526,30,18.54
623,32.0,0.002970145138507074,32,18.76
624,28.0,0.002940443687122003,28,18.94
625,28.0,0.002911039250250783,28,19.13
626,31.0,0.0028819288577482754,31,19.33
627,48.0,0.0028531095691707925,48,19.7
628,44.0,0.0028245784734790844,44,20.04
629,45.0,0.0027963326887442937,45,20.39
630,29.0,0.0027683693618568506,29,20.55
631,25.0,0.002740685668238282,25,20.7
632,29.0,0.0027132788115558993,29,20.86
633,33.0,0.0026861460234403403,33,21.08
634,34.0,0.002659284563205937,34,21.3
635,33.0,0.0026326917175738774,33,21.54
636,11.0,0.0026063648003981387,11,21.55
637,81.0,0.0025803011523941573,81,22.13
638,51.0,0.0025544981408702158,51,22.53
639,102.0,0.0025289531594615135,102,23.44
640,48.0,0.0025036636278668984,48,23.82
641,34.0,0.0024786269915882293,34,24.04
642,48.0,0.002453840721672347,48,24.41
643,74.0,0.0024293023144556234,74,25.05
644,47.0,0.002405009291311067,47,25.43
645,12.0,0.0023809591983979563,12,25.45
646,46.0,0.0023571496064139765,46,25.63
647,29.0,0.0023335781103498367,29,25.81
648,48.0,0.002310242329246338,48,26.18
649,45.0,0.002287139905953875,45,26.38
650,71.0,0.0022642685068943362,71,26.83
651,26.0,0.002241625821825393,26,26.97
652,46.0,0.002219209563607139,46,27.15
653,27.0,0.0021970174679710676,27,27.32
654,27.0,0.0021750472932913567,27,27.35
655,48.0,0.0021532968203584434,48,27.72
656,207.0,0.002131763852154859,207,29.7
657,220.0,0.0021104462136333105,220,31.79
658,75.0,0.0020893417514969773,75,32.33
659,11.0,0.0020684483339820075,11,32.32
660,57.0,0.0020477638506421875,57,32.78
661,69.0,0.0020272862121357657,69,33.22
662,149.0,0.002007013350014408,149,34.43
663,175.0,0.0019869432165142637,175,36.09
664,27.0,0.001967073784349121,27,36.09
665,64.0,0.0019474030465056298,64,36.63
666,71.0,0.0019279290160405735,71,37.23
667,39.0,0.0019086497258801677,39,37.53
668,122.0,0.0018895632286213661,122,38.53
669,41.0,0.0018706675963351524,41,38.81
670,41.0,0.0018519609203718008,41,39.1
671,42.0,0.0018334413111680827,42,39.41
672,23.0,0.001815106898056402,23,39.38
673,42.0,0.001796955829075838,42,39.69
674,12.0,0.0017789862707850797,12,39.71
675,40.0,0.001761196408077229,40,40.01
676,23.0,0.0017435844439964566,23,39.99
677,65.0,0.001726148599556492,65,40.54
678,37.0,0.001708887113560927,37,40.81
679,37.0,0.0016917982424253177,37,41.06
680,13.0,0.0016748802600010644,13,41.08
681,42.0,0.0016581314574010539,42,41.22
682,137.0,0.0016415501428270432,137,42.49
683,13.0,0.0016251346413987727,13,42.52
684,91.0,0.001608883294984785,91,43.32
685,185.0,0.0015927944620349372,185,45.07
686,241.0,0.0015768665174145879,241,47.24
687,238.0,0.001561097852240442,238,49.35
688,120.0,0.0015454868737180376,120,50.45
689,252.0,0.0015300320049808573,252,52.87
690,78.0,0.0015147316849310488,78,53.42
691,25.0,0.0014995843680817383,25,53.55
692,231.0,0.001484588524400921,231,55.76
693,39.0,0.0014697426391569117,39,55.91
694,206.0,0.0014550452127653425,206,57.71
695,219.0,0.0014404947606376892,219,59.77
696,42.0,0.0014260898130313124,42,59.91
697,151.0,0.0014118289149009993,151,61.31
698,500.0,0.0013977106257519892,500,66.04
699,500.0,0.0013837335194944694,500,70.93
700,419.0,0.0013698961842995246,419,74.87
701,500.0,0.0013561972224565293,500,79.64
702,500.0,0.001342635250231964,500,84.37
703,300.0,0.0013292088977296444,300,86.76
704,339.0,0.001315916808752348,339,89.85
705,283.0,0.0013027576406648245,283,92.31
706,237.0,0.0012897300642581763,237,94.41
707,459.0,0.0012768327636155945,459,98.69
708,261.0,0.0012640644359794386,261,101.04
709,173.0,0.0012514237916196442,173,102.63
710,320.0,0.0012389095537034477,320,105.56
711,388.0,0.0012265204581664133,388,109.16
712,276.0,0.0012142552535847491,276,111.63
713,257.0,0.0012021127010489016,257,113.89
714,297.0,0.0011900915740384126,297,116.58
715,350.0,0.0011781906582980285,350,119.77
716,343.0,0.0011664087517150481,343,122.9
717,217.0,0.0011547446641978977,217,124.45
718,314.0,0.0011431972175559187,314,127.29
719,234.0,0.0011317652453803595,234,129.32
720,344.0,0.0011204475929265558,344,132.44
721,267.0,0.0011092431169972903,267,134.8
722,312.0,0.0010981506858273175,312,137.62
723,252.0,0.0010871691789690443,252,139.82
724,339.0,0.0010762974871793539,339,142.93
725,304.0,0.0010655345123075602,304,145.69
726,301.0,0.0010548791671844847,301,148.39
727,277.0,0.0010443303755126399,277,150.68
728,313.0,0.0010338870717575134,313,153.37
729,366.0,0.0010235482010399382,366,156.58
730,268.0,0.0010133127190295388,268,158.97
731,397.0,0.0010031795918392433,397,162.69
732,267.0,0.000993147795920851,267,165.07
733,388.0,0.000993147795920851,388,168.62
734,350.0,0.000993147795920851,350,171.78
735,318.0,0.000993147795920851,318,174.63
736,322.0,0.000993147795920851,322,177.74
737,480.0,0.000993147795920851,480,181.73
738,422.0,0.000993147795920851,422,185.44
739,325.0,0.000993147795920851,325,187.67
740,204.0,0.000993147795920851,204,189.23
741,232.0,0.000993147795920851,232,191.21
742,257.0,0.000993147795920851,257,193.3
743,253.0,0.000993147795920851,253,195.09
744,156.0,0.000993147795920851,156,196.18
745,500.0,0.000993147795920851,500,201.06
746,173.0,0.000993147795920851,173,202.33
747,182.0,0.000993147795920851,182,203.86
748,216.0,0.000993147795920851,216,205.54
749,132.0,0.000993147795920851,132,206.41
750,222.0,0.000993147795920851,222,207.92
751,446.0,0.000993147795920851,446,212.12
752,104.0,0.000993147795920851,104,212.7
753,236.0,0.000993147795920851,236,214.79
754,216.0,0.000993147795920851,216,216.68
755,229.0,0.000993147795920851,229,218.49
756,176.0,0.000993147795920851,176,218.18
757,221.0,0.000993147795920851,221,218.19
758,147.0,0.000993147795920851,147,218.91
759,220.0,0.000993147795920851,220,221.0
760,393.0,0.000993147795920851,393,224.36
761,322.0,0.000993147795920851,322,226.89
762,274.0,0.000993147795920851,274,228.14
763,500.0,0.000993147795920851,500,231.39
764,207.0,0.000993147795920851,207,233.19
765,475.0,0.000993147795920851,475,237.3
766,500.0,0.000993147795920851,500,241.59
767,151.0,0.000993147795920851,151,242.71
768,167.0,0.000993147795920851,167,243.16
769,294.0,0.000993147795920851,294,245.69
770,141.0,0.000993147795920851,141,246.69
771,341.0,0.000993147795920851,341,249.68
772,291.0,0.000993147795920851,291,252.36
773,343.0,0.000993147795920851,343,255.37
774,242.0,0.000993147795920851,242,257.67
775,276.0,0.000993147795920851,276,260.03
776,197.0,0.000993147795920851,197,261.77
777,123.0,0.000993147795920851,123,262.35
778,259.0,0.000993147795920851,259,264.57
779,259.0,0.000993147795920851,259,266.79
780,201.0,0.000993147795920851,201,268.67
781,280.0,0.000993147795920851,280,271.05
782,228.0,0.000993147795920851,228,271.96
783,254.0,0.000993147795920851,254,274.37
784,187.0,0.000993147795920851,187,275.33
785,110.0,0.000993147795920851,110,274.58
786,183.0,0.000993147795920851,183,274.0
787,329.0,0.000993147795920851,329,274.91
788,187.0,0.000993147795920851,187,275.58
789,147.0,0.000993147795920851,147,274.53
790,127.0,0.000993147795920851,127,275.02
791,183.0,0.000993147795920851,183,276.6
792,179.0,0.000993147795920851,179,276.08
793,154.0,0.000993147795920851,154,277.23
794,150.0,0.000993147795920851,150,276.67
795,145.0,0.000993147795920851,145,275.93
796,274.0,0.000993147795920851,274,278.25
797,141.0,0.000993147795920851,141,278.15
798,144.0,0.000993147795920851,144,274.59
799,144.0,0.000993147795920851,144,271.03
